Label,Antisense,Region1,Region2,Exon,CDS,GC,Score
api0036,AAAAGACACCCGAGGCGCAG,36,55,exon1,,60,
api0037,CAAAAGACACCCGAGGCGCA,37,56,exon1,,60,
api0048,ACCCACCGCCGCAAAAGACA,48,67,exon1,,60,
api0077,TCTGTCCCCTCACGCTTCTC,77,96,exon1,,60,
api0078,ATCTGTCCCCTCACGCTTCT,78,97,exon1,,55,
api0079,AATCTGTCCCCTCACGCTTC,79,98,exon1,,55,
api0080,AAATCTGTCCCCTCACGCTT,80,99,exon1,,50,
api0081,CAAATCTGTCCCCTCACGCT,81,100,exon1,,55,
api0082,ACAAATCTGTCCCCTCACGC,82,101,exon1,,55,
api0083,CACAAATCTGTCCCCTCACG,83,102,exon1,,55,
api0084,TCACAAATCTGTCCCCTCAC,84,103,exon1,,50,
api0085,GTCACAAATCTGTCCCCTCA,85,104,exon1,,50,
api0086,GGTCACAAATCTGTCCCCTC,86,105,exon1,,55,
........
........
........